brand,eans,file_urls,files,model,model_2,product,product_lang,product_parent,source,thumb,type,url
Reebok,,https://025d5db0-808a-42a8-806e-c70b47b30cfe.filesusr.com/ugd/253a43_1a53fbe508274b2590caf1983634d61f.pdf?index=true,,Ab Board,,Bench / Rack,en,,reebokfitness.info,,Manual,https://www.reebokfitness.info/bench-manuals
Reebok,,https://025d5db0-808a-42a8-806e-c70b47b30cfe.filesusr.com/ugd/253a43_060dd6e9bc3b44aebd42188e1e06d3ea.pdf?index=true,,Flat,,Bench / Rack,en,,reebokfitness.info,,Manual,https://www.reebokfitness.info/bench-manuals
Reebok,,https://025d5db0-808a-42a8-806e-c70b47b30cfe.filesusr.com/ugd/253a43_ad9f77b6d83e4878a3dcd360feae543a.pdf?index=true,,Functional Cage,,Bench / Rack,en,,reebokfitness.info,,Manual,https://www.reebokfitness.info/bench-manuals
Reebok,,https://025d5db0-808a-42a8-806e-c70b47b30cfe.filesusr.com/ugd/253a43_523ececd481f435196ce7d5b69807848.pdf?index=true,,Functional Half,,Bench / Rack,en,,reebokfitness.info,,Manual,https://www.reebokfitness.info/bench-manuals
Reebok,,https://025d5db0-808a-42a8-806e-c70b47b30cfe.filesusr.com/ugd/253a43_862838789611445fa105791271567ddf.pdf?index=true,,Functional Squat Stand,,Bench / Rack,en,,reebokfitness.info,,Manual,https://www.reebokfitness.info/bench-manuals
Reebok,,https://025d5db0-808a-42a8-806e-c70b47b30cfe.filesusr.com/ugd/253a43_77c77717c0b04ea9a51c3983a078953e.pdf?index=true,,Pro Flat,,Bench / Rack,en,,reebokfitness.info,,Manual,https://www.reebokfitness.info/bench-manuals
Reebok,,https://025d5db0-808a-42a8-806e-c70b47b30cfe.filesusr.com/ugd/253a43_a1befbe4fe614f2f9d1bfb9b7a9d4364.pdf?index=true,,Pro Utility,,Bench / Rack,en,,reebokfitness.info,,Manual,https://www.reebokfitness.info/bench-manuals
Reebok,,https://025d5db0-808a-42a8-806e-c70b47b30cfe.filesusr.com/ugd/253a43_e2d5df225de84e85a4ddab30ed304539.pdf?index=true,,Utility,,Bench / Rack,en,,reebokfitness.info,,Manual,https://www.reebokfitness.info/bench-manuals
Reebok,,https://025d5db0-808a-42a8-806e-c70b47b30cfe.filesusr.com/ugd/253a43_c93e03ad0ca641ff85c951e6baa51aa0.pdf?index=true,,Reebok Deck,,Stepper,de,,reebokfitness.info,,Manual,https://www.reebokfitness.info/step-deck-manuals?lang=de
Reebok,,https://025d5db0-808a-42a8-806e-c70b47b30cfe.filesusr.com/ugd/253a43_f62d214195114bd1a431fff66dc358dc.pdf?index=true,,Reebok Deck,,Stepper,de,,reebokfitness.info,,Manual,https://www.reebokfitness.info/step-deck-manuals?lang=de
Reebok,,https://025d5db0-808a-42a8-806e-c70b47b30cfe.filesusr.com/ugd/253a43_90e279d13cb7487ab4d74163581f8f97.pdf,,Reebok Step,,Stepper,de,,reebokfitness.info,,Manual,https://www.reebokfitness.info/step-deck-manuals?lang=de
Reebok,,https://025d5db0-808a-42a8-806e-c70b47b30cfe.filesusr.com/ugd/253a43_7c3f0703ff66491fa8d29d8956fd3697.pdf,,Reebok Step,,Stepper,de,,reebokfitness.info,,Manual,https://www.reebokfitness.info/step-deck-manuals?lang=de
Reebok,,https://025d5db0-808a-42a8-806e-c70b47b30cfe.filesusr.com/ugd/253a43_c1ad385864af4acab6ae3e06964c6cff.pdf,,Reebok Step + Bluetooth,,Stepper,de,,reebokfitness.info,,Manual,https://www.reebokfitness.info/step-deck-manuals?lang=de
Reebok,,https://025d5db0-808a-42a8-806e-c70b47b30cfe.filesusr.com/ugd/253a43_785ffff081e747b4a012c28369085c16.pdf?index=true,,Reebok Mini Step,,Stepper,de,,reebokfitness.info,,Manual,https://www.reebokfitness.info/step-deck-manuals?lang=de
Reebok,,https://025d5db0-808a-42a8-806e-c70b47b30cfe.filesusr.com/ugd/253a43_a49724040858468585f189b5995035fd.pdf?index=true,,A2.0,,Treadmill,en,,reebokfitness.info,,Manual,https://www.reebokfitness.info/treadmill-manuals
Reebok,,https://025d5db0-808a-42a8-806e-c70b47b30cfe.filesusr.com/ugd/253a43_7b8fcc3fe9844b6bbd5cbdde105cb72d.pdf?index=true,,GT40,,Treadmill,en,,reebokfitness.info,,Manual,https://www.reebokfitness.info/treadmill-manuals
Reebok,,https://025d5db0-808a-42a8-806e-c70b47b30cfe.filesusr.com/ugd/253a43_18c1c95489cf484281c1c03bc182fafe.pdf?index=true,,A4.0,,Treadmill,en,,reebokfitness.info,,Manual,https://www.reebokfitness.info/treadmill-manuals
Reebok,,https://025d5db0-808a-42a8-806e-c70b47b30cfe.filesusr.com/ugd/253a43_c1aa49b6162f4e918c42dc5564784656.pdf?index=true,,A6.0,,Treadmill,en,,reebokfitness.info,,Manual,https://www.reebokfitness.info/treadmill-manuals
Reebok,,https://025d5db0-808a-42a8-806e-c70b47b30cfe.filesusr.com/ugd/253a43_c1aa49b6162f4e918c42dc5564784656.pdf?index=true,,A6.0 with Bluetooth,,Treadmill,en,,reebokfitness.info,,Manual,https://www.reebokfitness.info/treadmill-manuals
Reebok,,https://025d5db0-808a-42a8-806e-c70b47b30cfe.filesusr.com/ugd/253a43_5a5bb59f2e1742a39d14ad6a7af5f8f0.pdf?index=true,,FR20,,Treadmill,en,,reebokfitness.info,,Manual,https://www.reebokfitness.info/treadmill-manuals
Reebok,,https://025d5db0-808a-42a8-806e-c70b47b30cfe.filesusr.com/ugd/253a43_ef358e61c32746c0b85d16a2082097f6.pdf?index=true,,FR30,,Treadmill,en,,reebokfitness.info,,Manual,https://www.reebokfitness.info/treadmill-manuals
Reebok,,https://025d5db0-808a-42a8-806e-c70b47b30cfe.filesusr.com/ugd/253a43_0f31f1ffd1254eecaeaede659319d0b8.pdf?index=true,,GT40s,,Treadmill,en,,reebokfitness.info,,Manual,https://www.reebokfitness.info/treadmill-manuals
Reebok,,https://025d5db0-808a-42a8-806e-c70b47b30cfe.filesusr.com/ugd/253a43_7b8fcc3fe9844b6bbd5cbdde105cb72d.pdf?index=true,,GT40 with Bluetooth,,Treadmill,en,,reebokfitness.info,,Manual,https://www.reebokfitness.info/treadmill-manuals
Reebok,,https://025d5db0-808a-42a8-806e-c70b47b30cfe.filesusr.com/ugd/253a43_cc54421e840c45198c53889765266a47.pdf?index=true,,GT50,,Treadmill,en,,reebokfitness.info,,Manual,https://www.reebokfitness.info/treadmill-manuals
Reebok,,https://025d5db0-808a-42a8-806e-c70b47b30cfe.filesusr.com/ugd/253a43_cc54421e840c45198c53889765266a47.pdf?index=true,,GT50 with Bluetooth,,Treadmill,en,,reebokfitness.info,,Manual,https://www.reebokfitness.info/treadmill-manuals
Reebok,,https://025d5db0-808a-42a8-806e-c70b47b30cfe.filesusr.com/ugd/253a43_d59a4d311dbe4f4c9136535744e18cf6.pdf?index=true,,GT60,,Treadmill,en,,reebokfitness.info,,Manual,https://www.reebokfitness.info/treadmill-manuals
Reebok,,https://025d5db0-808a-42a8-806e-c70b47b30cfe.filesusr.com/ugd/253a43_d59a4d311dbe4f4c9136535744e18cf6.pdf?index=true,,GT60 with Bluetooth,,Treadmill,en,,reebokfitness.info,,Manual,https://www.reebokfitness.info/treadmill-manuals
Reebok,,https://025d5db0-808a-42a8-806e-c70b47b30cfe.filesusr.com/ugd/253a43_ca7f63207cab4219b54cf9cf29c1dccf.pdf?index=true,,i-Run 3,,Treadmill,en,,reebokfitness.info,,Manual,https://www.reebokfitness.info/treadmill-manuals
Reebok,,https://025d5db0-808a-42a8-806e-c70b47b30cfe.filesusr.com/ugd/253a43_e523017e09bd4eb3a493ec5ba5bd3eba.pdf?index=true,,i-Run 4.0,,Treadmill,en,,reebokfitness.info,,Manual,https://www.reebokfitness.info/treadmill-manuals
Reebok,,https://025d5db0-808a-42a8-806e-c70b47b30cfe.filesusr.com/ugd/253a43_078b3a2f049744fd9380d3dcf776df2c.pdf?index=true,,Jet 100,,Treadmill,en,,reebokfitness.info,,Manual,https://www.reebokfitness.info/treadmill-manuals
Reebok,,https://025d5db0-808a-42a8-806e-c70b47b30cfe.filesusr.com/ugd/253a43_26130c807777463d896a2263d9f8f23a.pdf?index=true,,Jet 100+,,Treadmill,en,,reebokfitness.info,,Manual,https://www.reebokfitness.info/treadmill-manuals
Reebok,,https://025d5db0-808a-42a8-806e-c70b47b30cfe.filesusr.com/ugd/253a43_b2ab5f7df868494989117eb9c5ffc0ec.pdf?index=true,,Jet 100+ with Bluetooth,,Treadmill,en,,reebokfitness.info,,Manual,https://www.reebokfitness.info/treadmill-manuals
Reebok,,https://025d5db0-808a-42a8-806e-c70b47b30cfe.filesusr.com/ugd/253a43_a6b9425991b544a5a994e4a20d0678c2.pdf?index=true,,Jet 200,,Treadmill,en,,reebokfitness.info,,Manual,https://www.reebokfitness.info/treadmill-manuals
Reebok,,https://025d5db0-808a-42a8-806e-c70b47b30cfe.filesusr.com/ugd/253a43_6bac29debee945a7a7c4851893f2a74b.pdf?index=true,,Jet 200+,,Treadmill,en,,reebokfitness.info,,Manual,https://www.reebokfitness.info/treadmill-manuals
Reebok,,https://025d5db0-808a-42a8-806e-c70b47b30cfe.filesusr.com/ugd/253a43_7076667daac346bd9310984a2bf68438.pdf?index=true,,Jet 200+ with Bluetooth,,Treadmill,en,,reebokfitness.info,,Manual,https://www.reebokfitness.info/treadmill-manuals
Reebok,,https://025d5db0-808a-42a8-806e-c70b47b30cfe.filesusr.com/ugd/253a43_45c1f25bddc343dca48b0054e30d7deb.pdf?index=true,,Jet 300+,,Treadmill,en,,reebokfitness.info,,Manual,https://www.reebokfitness.info/treadmill-manuals
Reebok,,https://025d5db0-808a-42a8-806e-c70b47b30cfe.filesusr.com/ugd/253a43_62b58d9a35e94703b5f45d4219074f76.pdf?index=true,,Jet 300+ with Bluetooth,,Treadmill,en,,reebokfitness.info,,Manual,https://www.reebokfitness.info/treadmill-manuals
Reebok,,https://025d5db0-808a-42a8-806e-c70b47b30cfe.filesusr.com/ugd/253a43_eb1192f4dfa74af1ab915d00f12f9e57.pdf?index=true,,SL8.0 (AC),,Treadmill,en,,reebokfitness.info,,Manual,https://www.reebokfitness.info/treadmill-manuals
Reebok,,https://025d5db0-808a-42a8-806e-c70b47b30cfe.filesusr.com/ugd/253a43_07a7e554f49c4e4ca87e6ad671f286ea.pdf?index=true,,SL8.0 (DC),,Treadmill,en,,reebokfitness.info,,Manual,https://www.reebokfitness.info/treadmill-manuals
Reebok,,https://025d5db0-808a-42a8-806e-c70b47b30cfe.filesusr.com/ugd/253a43_3a2a87cfdcd247999c73e94170973cf8.pdf?index=true,,ZJET 430,,Treadmill,en,,reebokfitness.info,,Manual,https://www.reebokfitness.info/treadmill-manuals
Reebok,,https://025d5db0-808a-42a8-806e-c70b47b30cfe.filesusr.com/ugd/253a43_1e809194d225468f8a914d4ed8c9516a.pdf?index=true,,ZJET 430 with Bluetooth,,Treadmill,en,,reebokfitness.info,,Manual,https://www.reebokfitness.info/treadmill-manuals
Reebok,,https://025d5db0-808a-42a8-806e-c70b47b30cfe.filesusr.com/ugd/253a43_bbce5b2082504dc5a7d754d2c86ae992.pdf?index=true,,ZJET 460,,Treadmill,en,,reebokfitness.info,,Manual,https://www.reebokfitness.info/treadmill-manuals
Reebok,,https://025d5db0-808a-42a8-806e-c70b47b30cfe.filesusr.com/ugd/253a43_bbce5b2082504dc5a7d754d2c86ae992.pdf?index=true,,ZJET 460 with Bluetooth,,Treadmill,en,,reebokfitness.info,,Manual,https://www.reebokfitness.info/treadmill-manuals
Reebok,,https://025d5db0-808a-42a8-806e-c70b47b30cfe.filesusr.com/ugd/253a43_6d7e2b7810974693a1114ecfc9d00642.pdf?index=true,,AR,,Rower,en,,reebokfitness.info,,Manual,https://www.reebokfitness.info/rower-manuals
Reebok,,https://025d5db0-808a-42a8-806e-c70b47b30cfe.filesusr.com/ugd/253a43_4221ecb3ddfd42c1973f68d18dadbdc6.pdf?index=true,,GR,,Rower,en,,reebokfitness.info,,Manual,https://www.reebokfitness.info/rower-manuals
Reebok,,https://025d5db0-808a-42a8-806e-c70b47b30cfe.filesusr.com/ugd/253a43_61b2988a933b43a7a4c28a14125d17e8.pdf?index=true,,ZJET,,Rower,en,,reebokfitness.info,,Manual,https://www.reebokfitness.info/rower-manuals
Reebok,,https://025d5db0-808a-42a8-806e-c70b47b30cfe.filesusr.com/ugd/253a43_cdfea47d98a8451c907761e3114beadc.pdf?index=true,,A4.0 Elliptical,,Cross Trainer,en,,reebokfitness.info,,Manual,https://www.reebokfitness.info/cross-trainer-manuals
Reebok,,https://025d5db0-808a-42a8-806e-c70b47b30cfe.filesusr.com/ugd/253a43_cde479ab909444039b08af1ad1b15433.pdf?index=true,,A6.0 Elliptical,,Cross Trainer,en,,reebokfitness.info,,Manual,https://www.reebokfitness.info/cross-trainer-manuals
Reebok,,https://025d5db0-808a-42a8-806e-c70b47b30cfe.filesusr.com/ugd/253a43_084199a4800648b5b74cf1b7f4ab17f3.pdf?index=true,,A6.0 with Bluetooth Elliptical,,Cross Trainer,en,,reebokfitness.info,,Manual,https://www.reebokfitness.info/cross-trainer-manuals
Reebok,,https://025d5db0-808a-42a8-806e-c70b47b30cfe.filesusr.com/ugd/253a43_0f71a9cb9bae48b39356c8206aba1b4d.pdf?index=true,,A6.0FD Elliptical,,Cross Trainer,en,,reebokfitness.info,,Manual,https://www.reebokfitness.info/cross-trainer-manuals
Reebok,,https://025d5db0-808a-42a8-806e-c70b47b30cfe.filesusr.com/ugd/253a43_6221d7653c3b4257800b307a8c7b4216.pdf?index=true,,A6.0FD with Bluetooth Elliptical,,Cross Trainer,en,,reebokfitness.info,,Manual,https://www.reebokfitness.info/cross-trainer-manuals
Reebok,,https://025d5db0-808a-42a8-806e-c70b47b30cfe.filesusr.com/ugd/253a43_229fea73d46f446fae8a954092d0302b.pdf?index=true,,GX40,,Cross Trainer,en,,reebokfitness.info,,Manual,https://www.reebokfitness.info/cross-trainer-manuals
Reebok,,https://025d5db0-808a-42a8-806e-c70b47b30cfe.filesusr.com/ugd/253a43_0ea748aefc0a43228138b56de3ad731d.pdf?index=true,,GX40s,,Cross Trainer,en,,reebokfitness.info,,Manual,https://www.reebokfitness.info/cross-trainer-manuals
Reebok,,https://025d5db0-808a-42a8-806e-c70b47b30cfe.filesusr.com/ugd/253a43_ab1c974a385b4794a9b3075dd1ffb051.pdf?index=true,,GX50,,Cross Trainer,en,,reebokfitness.info,,Manual,https://www.reebokfitness.info/cross-trainer-manuals
Reebok,,https://025d5db0-808a-42a8-806e-c70b47b30cfe.filesusr.com/ugd/253a43_4047ee38d299467e9203398106cba4f8.pdf?index=true,,GX60,,Cross Trainer,en,,reebokfitness.info,,Manual,https://www.reebokfitness.info/cross-trainer-manuals
Reebok,,https://025d5db0-808a-42a8-806e-c70b47b30cfe.filesusr.com/ugd/253a43_e9df6c47e6c54c7a90c6ba26eb2f96e2.pdf?index=true,,Jet 100 Elliptical (black),,Cross Trainer,en,,reebokfitness.info,,Manual,https://www.reebokfitness.info/cross-trainer-manuals
Reebok,,https://025d5db0-808a-42a8-806e-c70b47b30cfe.filesusr.com/ugd/253a43_56b3a209f72845a9bb4824ad4b3541ef.pdf,,Jet 100 Elliptical (white),,Cross Trainer,en,,reebokfitness.info,,Manual,https://www.reebokfitness.info/cross-trainer-manuals
Reebok,,https://025d5db0-808a-42a8-806e-c70b47b30cfe.filesusr.com/ugd/253a43_56308d7331154360a30cb30fb3b68183.pdf?index=true,,SL8.0 Elliptical,,Cross Trainer,en,,reebokfitness.info,,Manual,https://www.reebokfitness.info/cross-trainer-manuals
Reebok,,https://025d5db0-808a-42a8-806e-c70b47b30cfe.filesusr.com/ugd/253a43_61dd82ebdc164f109cfc77703dbb9886.pdf?index=true,,ZJET 430,,Cross Trainer,en,,reebokfitness.info,,Manual,https://www.reebokfitness.info/cross-trainer-manuals
Reebok,,https://025d5db0-808a-42a8-806e-c70b47b30cfe.filesusr.com/ugd/253a43_65bf5929a9344a7a8a78fee7731ec81b.pdf?index=true,,ZJET 460,,Cross Trainer,en,,reebokfitness.info,,Manual,https://www.reebokfitness.info/cross-trainer-manuals
Reebok,,https://025d5db0-808a-42a8-806e-c70b47b30cfe.filesusr.com/ugd/253a43_65bf5929a9344a7a8a78fee7731ec81b.pdf?index=true,,ZJET 460 with Bluetooth,,Cross Trainer,en,,reebokfitness.info,,Manual,https://www.reebokfitness.info/cross-trainer-manuals
Reebok,,https://025d5db0-808a-42a8-806e-c70b47b30cfe.filesusr.com/ugd/253a43_1a53fbe508274b2590caf1983634d61f.pdf?index=true,,Ab Board,,Bank / Rack,de,,reebokfitness.info,,Manual,https://www.reebokfitness.info/bench-manuals?lang=de
Reebok,,https://025d5db0-808a-42a8-806e-c70b47b30cfe.filesusr.com/ugd/253a43_060dd6e9bc3b44aebd42188e1e06d3ea.pdf?index=true,,Flat Bench,,Bank / Rack,de,,reebokfitness.info,,Manual,https://www.reebokfitness.info/bench-manuals?lang=de
Reebok,,https://025d5db0-808a-42a8-806e-c70b47b30cfe.filesusr.com/ugd/253a43_ad9f77b6d83e4878a3dcd360feae543a.pdf?index=true,,Functional Cage,,Bank / Rack,de,,reebokfitness.info,,Manual,https://www.reebokfitness.info/bench-manuals?lang=de
Reebok,,https://025d5db0-808a-42a8-806e-c70b47b30cfe.filesusr.com/ugd/253a43_523ececd481f435196ce7d5b69807848.pdf?index=true,,Functional Half,,Bank / Rack,de,,reebokfitness.info,,Manual,https://www.reebokfitness.info/bench-manuals?lang=de
Reebok,,https://025d5db0-808a-42a8-806e-c70b47b30cfe.filesusr.com/ugd/253a43_862838789611445fa105791271567ddf.pdf?index=true,,Functional Squat Stand,,Bank / Rack,de,,reebokfitness.info,,Manual,https://www.reebokfitness.info/bench-manuals?lang=de
Reebok,,https://025d5db0-808a-42a8-806e-c70b47b30cfe.filesusr.com/ugd/253a43_77c77717c0b04ea9a51c3983a078953e.pdf?index=true,,Pro Flat Bench,,Bank / Rack,de,,reebokfitness.info,,Manual,https://www.reebokfitness.info/bench-manuals?lang=de
Reebok,,https://025d5db0-808a-42a8-806e-c70b47b30cfe.filesusr.com/ugd/253a43_a1befbe4fe614f2f9d1bfb9b7a9d4364.pdf?index=true,,Pro Utility Bench,,Bank / Rack,de,,reebokfitness.info,,Manual,https://www.reebokfitness.info/bench-manuals?lang=de
Reebok,,https://025d5db0-808a-42a8-806e-c70b47b30cfe.filesusr.com/ugd/253a43_e2d5df225de84e85a4ddab30ed304539.pdf?index=true,,Utility Bench,,Bank / Rack,de,,reebokfitness.info,,Manual,https://www.reebokfitness.info/bench-manuals?lang=de
Reebok,,https://025d5db0-808a-42a8-806e-c70b47b30cfe.filesusr.com/ugd/253a43_cdfea47d98a8451c907761e3114beadc.pdf?index=true,,A4.0,,Crosstrainer,de,,reebokfitness.info,,Manual,https://www.reebokfitness.info/cross-trainer-manuals?lang=de
Reebok,,https://025d5db0-808a-42a8-806e-c70b47b30cfe.filesusr.com/ugd/253a43_cde479ab909444039b08af1ad1b15433.pdf?index=true,,A6.0,,Crosstrainer,de,,reebokfitness.info,,Manual,https://www.reebokfitness.info/cross-trainer-manuals?lang=de
Reebok,,https://025d5db0-808a-42a8-806e-c70b47b30cfe.filesusr.com/ugd/253a43_084199a4800648b5b74cf1b7f4ab17f3.pdf?index=true,,A6.0 (Bluetooth),,Crosstrainer,de,,reebokfitness.info,,Manual,https://www.reebokfitness.info/cross-trainer-manuals?lang=de
Reebok,,https://025d5db0-808a-42a8-806e-c70b47b30cfe.filesusr.com/ugd/253a43_0f71a9cb9bae48b39356c8206aba1b4d.pdf?index=true,,A6.0FD,,Crosstrainer,de,,reebokfitness.info,,Manual,https://www.reebokfitness.info/cross-trainer-manuals?lang=de
Reebok,,https://025d5db0-808a-42a8-806e-c70b47b30cfe.filesusr.com/ugd/253a43_6221d7653c3b4257800b307a8c7b4216.pdf?index=true,,A6.0FD (Bluetooth),,Crosstrainer,de,,reebokfitness.info,,Manual,https://www.reebokfitness.info/cross-trainer-manuals?lang=de
Reebok,,https://025d5db0-808a-42a8-806e-c70b47b30cfe.filesusr.com/ugd/253a43_229fea73d46f446fae8a954092d0302b.pdf?index=true,,GX40,,Crosstrainer,de,,reebokfitness.info,,Manual,https://www.reebokfitness.info/cross-trainer-manuals?lang=de
Reebok,,https://025d5db0-808a-42a8-806e-c70b47b30cfe.filesusr.com/ugd/253a43_0ea748aefc0a43228138b56de3ad731d.pdf?index=true,,GX40s,,Crosstrainer,de,,reebokfitness.info,,Manual,https://www.reebokfitness.info/cross-trainer-manuals?lang=de
Reebok,,https://025d5db0-808a-42a8-806e-c70b47b30cfe.filesusr.com/ugd/253a43_ab1c974a385b4794a9b3075dd1ffb051.pdf?index=true,,GX50,,Crosstrainer,de,,reebokfitness.info,,Manual,https://www.reebokfitness.info/cross-trainer-manuals?lang=de
Reebok,,https://025d5db0-808a-42a8-806e-c70b47b30cfe.filesusr.com/ugd/253a43_4047ee38d299467e9203398106cba4f8.pdf?index=true,,GX60,,Crosstrainer,de,,reebokfitness.info,,Manual,https://www.reebokfitness.info/cross-trainer-manuals?lang=de
Reebok,,https://025d5db0-808a-42a8-806e-c70b47b30cfe.filesusr.com/ugd/253a43_e9df6c47e6c54c7a90c6ba26eb2f96e2.pdf?index=true,,Jet 100 (Schwarz),,Crosstrainer,de,,reebokfitness.info,,Manual,https://www.reebokfitness.info/cross-trainer-manuals?lang=de
Reebok,,https://025d5db0-808a-42a8-806e-c70b47b30cfe.filesusr.com/ugd/253a43_56b3a209f72845a9bb4824ad4b3541ef.pdf,,Jet 100 (Weiß),,Crosstrainer,de,,reebokfitness.info,,Manual,https://www.reebokfitness.info/cross-trainer-manuals?lang=de
Reebok,,https://025d5db0-808a-42a8-806e-c70b47b30cfe.filesusr.com/ugd/253a43_56308d7331154360a30cb30fb3b68183.pdf?index=true,,SL8.0,,Crosstrainer,de,,reebokfitness.info,,Manual,https://www.reebokfitness.info/cross-trainer-manuals?lang=de
Reebok,,https://025d5db0-808a-42a8-806e-c70b47b30cfe.filesusr.com/ugd/253a43_61dd82ebdc164f109cfc77703dbb9886.pdf?index=true,,ZJET 430,,Crosstrainer,de,,reebokfitness.info,,Manual,https://www.reebokfitness.info/cross-trainer-manuals?lang=de
Reebok,,https://025d5db0-808a-42a8-806e-c70b47b30cfe.filesusr.com/ugd/253a43_65bf5929a9344a7a8a78fee7731ec81b.pdf?index=true,,ZJET 460,,Crosstrainer,de,,reebokfitness.info,,Manual,https://www.reebokfitness.info/cross-trainer-manuals?lang=de
Reebok,,https://025d5db0-808a-42a8-806e-c70b47b30cfe.filesusr.com/ugd/253a43_65bf5929a9344a7a8a78fee7731ec81b.pdf?index=true,,ZJET 460 (Bluetooth),,Crosstrainer,de,,reebokfitness.info,,Manual,https://www.reebokfitness.info/cross-trainer-manuals?lang=de
Reebok,,https://025d5db0-808a-42a8-806e-c70b47b30cfe.filesusr.com/ugd/253a43_252589d09317429e8227a88691674e9b.pdf?index=true,,A4.0,,Bike,en,,reebokfitness.info,,Manual,https://www.reebokfitness.info/bike-manuals
Reebok,,https://025d5db0-808a-42a8-806e-c70b47b30cfe.filesusr.com/ugd/253a43_f767385ac5a444ee8ef0a3680b720b0b.pdf?index=true,,A6.0,,Bike,en,,reebokfitness.info,,Manual,https://www.reebokfitness.info/bike-manuals
Reebok,,https://025d5db0-808a-42a8-806e-c70b47b30cfe.filesusr.com/ugd/253a43_42cf1552ea864694b12186552882a955.pdf?index=true,,A6.0 with Bluetooth,,Bike,en,,reebokfitness.info,,Manual,https://www.reebokfitness.info/bike-manuals
Reebok,,https://025d5db0-808a-42a8-806e-c70b47b30cfe.filesusr.com/ugd/253a43_6176d665118245c0a7e2406023e4e449.pdf?index=true,,AR Sprint,,Bike,en,,reebokfitness.info,,Manual,https://www.reebokfitness.info/bike-manuals
Reebok,,https://025d5db0-808a-42a8-806e-c70b47b30cfe.filesusr.com/ugd/253a43_6844723512064580ae167e54b1798d43.pdf?index=true,,GB40,,Bike,en,,reebokfitness.info,,Manual,https://www.reebokfitness.info/bike-manuals
Reebok,,https://025d5db0-808a-42a8-806e-c70b47b30cfe.filesusr.com/ugd/253a43_53ecd56b329b4ab4b324e7faca497d76.pdf?index=true,,GB40s,,Bike,en,,reebokfitness.info,,Manual,https://www.reebokfitness.info/bike-manuals
Reebok,,https://025d5db0-808a-42a8-806e-c70b47b30cfe.filesusr.com/ugd/253a43_5cdf3db6b77b46d18ddf14bf80bdc9bd.pdf?index=true,,GB50,,Bike,en,,reebokfitness.info,,Manual,https://www.reebokfitness.info/bike-manuals
Reebok,,https://025d5db0-808a-42a8-806e-c70b47b30cfe.filesusr.com/ugd/253a43_defe2adda406481892d0cbe6c9cb3c9a.pdf?index=true,,GB60,,Bike,en,,reebokfitness.info,,Manual,https://www.reebokfitness.info/bike-manuals
Reebok,,https://025d5db0-808a-42a8-806e-c70b47b30cfe.filesusr.com/ugd/253a43_b40c7495e201410e97ee9aca7af1f196.pdf?index=true,,GSB,,Bike,en,,reebokfitness.info,,Manual,https://www.reebokfitness.info/bike-manuals
Reebok,,https://025d5db0-808a-42a8-806e-c70b47b30cfe.filesusr.com/ugd/253a43_412f313c03004046acdaafe246b802c1.pdf?index=true,,Jet 100 (black),,Bike,en,,reebokfitness.info,,Manual,https://www.reebokfitness.info/bike-manuals
Reebok,,https://025d5db0-808a-42a8-806e-c70b47b30cfe.filesusr.com/ugd/253a43_618052b78acd416bb878c729b3207781.pdf?index=true,,Jet 100 (white),,Bike,en,,reebokfitness.info,,Manual,https://www.reebokfitness.info/bike-manuals
Reebok,,https://025d5db0-808a-42a8-806e-c70b47b30cfe.filesusr.com/ugd/253a43_24a51aa2dedf4f03a48ba0842a3542a3.pdf?index=true,,SL8.0,,Bike,en,,reebokfitness.info,,Manual,https://www.reebokfitness.info/bike-manuals
Reebok,,https://025d5db0-808a-42a8-806e-c70b47b30cfe.filesusr.com/ugd/253a43_3bdfc1e00a4b4f17b6d3a128d16e9ff7.pdf?index=true,,ZJET 430,,Bike,en,,reebokfitness.info,,Manual,https://www.reebokfitness.info/bike-manuals
Reebok,,https://025d5db0-808a-42a8-806e-c70b47b30cfe.filesusr.com/ugd/253a43_13295be07bff4acc97f0da1b0a6725c9.pdf?index=true,,ZJET 460,,Bike,en,,reebokfitness.info,,Manual,https://www.reebokfitness.info/bike-manuals
Reebok,,https://025d5db0-808a-42a8-806e-c70b47b30cfe.filesusr.com/ugd/253a43_13295be07bff4acc97f0da1b0a6725c9.pdf?index=true,,ZJET 460 with Bluetooth,,Bike,en,,reebokfitness.info,,Manual,https://www.reebokfitness.info/bike-manuals
Reebok,,https://025d5db0-808a-42a8-806e-c70b47b30cfe.filesusr.com/ugd/253a43_c93e03ad0ca641ff85c951e6baa51aa0.pdf?index=true,,Reebok Deck,,Product,en,,reebokfitness.info,,Manual,https://www.reebokfitness.info/step-deck-manuals
Reebok,,https://025d5db0-808a-42a8-806e-c70b47b30cfe.filesusr.com/ugd/253a43_f62d214195114bd1a431fff66dc358dc.pdf?index=true,,Reebok Deck,,Product,en,,reebokfitness.info,,Manual,https://www.reebokfitness.info/step-deck-manuals
Reebok,,https://025d5db0-808a-42a8-806e-c70b47b30cfe.filesusr.com/ugd/253a43_90e279d13cb7487ab4d74163581f8f97.pdf,,Reebok Step,,Product,en,,reebokfitness.info,,Manual,https://www.reebokfitness.info/step-deck-manuals
Reebok,,https://025d5db0-808a-42a8-806e-c70b47b30cfe.filesusr.com/ugd/253a43_7c3f0703ff66491fa8d29d8956fd3697.pdf,,Reebok Step,,Product,en,,reebokfitness.info,,Manual,https://www.reebokfitness.info/step-deck-manuals
Reebok,,https://025d5db0-808a-42a8-806e-c70b47b30cfe.filesusr.com/ugd/253a43_c1ad385864af4acab6ae3e06964c6cff.pdf,,Reebok Step + Bluetooth,,Product,en,,reebokfitness.info,,Manual,https://www.reebokfitness.info/step-deck-manuals
Reebok,,https://025d5db0-808a-42a8-806e-c70b47b30cfe.filesusr.com/ugd/253a43_785ffff081e747b4a012c28369085c16.pdf?index=true,,Reebok Mini Step,,Product,en,,reebokfitness.info,,Manual,https://www.reebokfitness.info/step-deck-manuals
Reebok,,https://025d5db0-808a-42a8-806e-c70b47b30cfe.filesusr.com/ugd/253a43_a49724040858468585f189b5995035fd.pdf?index=true,,A2.0,,Laufband,de,,reebokfitness.info,,Manual,https://www.reebokfitness.info/treadmill-manuals?lang=de
Reebok,,https://025d5db0-808a-42a8-806e-c70b47b30cfe.filesusr.com/ugd/253a43_7b8fcc3fe9844b6bbd5cbdde105cb72d.pdf?index=true,,GT40,,Laufband,de,,reebokfitness.info,,Manual,https://www.reebokfitness.info/treadmill-manuals?lang=de
Reebok,,https://025d5db0-808a-42a8-806e-c70b47b30cfe.filesusr.com/ugd/253a43_18c1c95489cf484281c1c03bc182fafe.pdf?index=true,,A4.0,,Laufband,de,,reebokfitness.info,,Manual,https://www.reebokfitness.info/treadmill-manuals?lang=de
Reebok,,https://025d5db0-808a-42a8-806e-c70b47b30cfe.filesusr.com/ugd/253a43_c1aa49b6162f4e918c42dc5564784656.pdf?index=true,,A6.0,,Laufband,de,,reebokfitness.info,,Manual,https://www.reebokfitness.info/treadmill-manuals?lang=de
Reebok,,https://025d5db0-808a-42a8-806e-c70b47b30cfe.filesusr.com/ugd/253a43_c1aa49b6162f4e918c42dc5564784656.pdf?index=true,,A6.0 (Bluetooth),,Laufband,de,,reebokfitness.info,,Manual,https://www.reebokfitness.info/treadmill-manuals?lang=de
Reebok,,https://025d5db0-808a-42a8-806e-c70b47b30cfe.filesusr.com/ugd/253a43_5a5bb59f2e1742a39d14ad6a7af5f8f0.pdf?index=true,,FR20 Treadmill,,Laufband,de,,reebokfitness.info,,Manual,https://www.reebokfitness.info/treadmill-manuals?lang=de
Reebok,,https://025d5db0-808a-42a8-806e-c70b47b30cfe.filesusr.com/ugd/253a43_ef358e61c32746c0b85d16a2082097f6.pdf?index=true,,FR30 Treadmill,,Laufband,de,,reebokfitness.info,,Manual,https://www.reebokfitness.info/treadmill-manuals?lang=de
Reebok,,https://025d5db0-808a-42a8-806e-c70b47b30cfe.filesusr.com/ugd/253a43_0f31f1ffd1254eecaeaede659319d0b8.pdf?index=true,,GT40s,,Laufband,de,,reebokfitness.info,,Manual,https://www.reebokfitness.info/treadmill-manuals?lang=de
Reebok,,https://025d5db0-808a-42a8-806e-c70b47b30cfe.filesusr.com/ugd/253a43_7b8fcc3fe9844b6bbd5cbdde105cb72d.pdf?index=true,,GT40 (,,Laufband,de,,reebokfitness.info,,Manual,https://www.reebokfitness.info/treadmill-manuals?lang=de
Reebok,,https://025d5db0-808a-42a8-806e-c70b47b30cfe.filesusr.com/ugd/253a43_cc54421e840c45198c53889765266a47.pdf?index=true,,GT50,,Laufband,de,,reebokfitness.info,,Manual,https://www.reebokfitness.info/treadmill-manuals?lang=de
Reebok,,https://025d5db0-808a-42a8-806e-c70b47b30cfe.filesusr.com/ugd/253a43_cc54421e840c45198c53889765266a47.pdf?index=true,,GT50 (,,Laufband,de,,reebokfitness.info,,Manual,https://www.reebokfitness.info/treadmill-manuals?lang=de
Reebok,,https://025d5db0-808a-42a8-806e-c70b47b30cfe.filesusr.com/ugd/253a43_d59a4d311dbe4f4c9136535744e18cf6.pdf?index=true,,GT60,,Laufband,de,,reebokfitness.info,,Manual,https://www.reebokfitness.info/treadmill-manuals?lang=de
Reebok,,https://025d5db0-808a-42a8-806e-c70b47b30cfe.filesusr.com/ugd/253a43_d59a4d311dbe4f4c9136535744e18cf6.pdf?index=true,,GT60 (,,Laufband,de,,reebokfitness.info,,Manual,https://www.reebokfitness.info/treadmill-manuals?lang=de
Reebok,,https://025d5db0-808a-42a8-806e-c70b47b30cfe.filesusr.com/ugd/253a43_ca7f63207cab4219b54cf9cf29c1dccf.pdf?index=true,,i-Run 3,,Laufband,de,,reebokfitness.info,,Manual,https://www.reebokfitness.info/treadmill-manuals?lang=de
Reebok,,https://025d5db0-808a-42a8-806e-c70b47b30cfe.filesusr.com/ugd/253a43_e523017e09bd4eb3a493ec5ba5bd3eba.pdf?index=true,,i-Run 4.0,,Laufband,de,,reebokfitness.info,,Manual,https://www.reebokfitness.info/treadmill-manuals?lang=de
Reebok,,https://025d5db0-808a-42a8-806e-c70b47b30cfe.filesusr.com/ugd/253a43_078b3a2f049744fd9380d3dcf776df2c.pdf?index=true,,Jet 100,,Laufband,de,,reebokfitness.info,,Manual,https://www.reebokfitness.info/treadmill-manuals?lang=de
Reebok,,https://025d5db0-808a-42a8-806e-c70b47b30cfe.filesusr.com/ugd/253a43_26130c807777463d896a2263d9f8f23a.pdf?index=true,,Jet 100+,,Laufband,de,,reebokfitness.info,,Manual,https://www.reebokfitness.info/treadmill-manuals?lang=de
Reebok,,https://025d5db0-808a-42a8-806e-c70b47b30cfe.filesusr.com/ugd/253a43_b2ab5f7df868494989117eb9c5ffc0ec.pdf?index=true,,Jet 100+ (,,Laufband,de,,reebokfitness.info,,Manual,https://www.reebokfitness.info/treadmill-manuals?lang=de
Reebok,,https://025d5db0-808a-42a8-806e-c70b47b30cfe.filesusr.com/ugd/253a43_a6b9425991b544a5a994e4a20d0678c2.pdf?index=true,,Jet 200,,Laufband,de,,reebokfitness.info,,Manual,https://www.reebokfitness.info/treadmill-manuals?lang=de
Reebok,,https://025d5db0-808a-42a8-806e-c70b47b30cfe.filesusr.com/ugd/253a43_6bac29debee945a7a7c4851893f2a74b.pdf?index=true,,Jet 200+,,Laufband,de,,reebokfitness.info,,Manual,https://www.reebokfitness.info/treadmill-manuals?lang=de
Reebok,,https://025d5db0-808a-42a8-806e-c70b47b30cfe.filesusr.com/ugd/253a43_7076667daac346bd9310984a2bf68438.pdf?index=true,,Jet 200+ (Bluetooth),,Laufband,de,,reebokfitness.info,,Manual,https://www.reebokfitness.info/treadmill-manuals?lang=de
Reebok,,https://025d5db0-808a-42a8-806e-c70b47b30cfe.filesusr.com/ugd/253a43_45c1f25bddc343dca48b0054e30d7deb.pdf?index=true,,Jet 300+,,Laufband,de,,reebokfitness.info,,Manual,https://www.reebokfitness.info/treadmill-manuals?lang=de
Reebok,,https://025d5db0-808a-42a8-806e-c70b47b30cfe.filesusr.com/ugd/253a43_62b58d9a35e94703b5f45d4219074f76.pdf?index=true,,Jet 300+ (Bluetooth),,Laufband,de,,reebokfitness.info,,Manual,https://www.reebokfitness.info/treadmill-manuals?lang=de
Reebok,,https://025d5db0-808a-42a8-806e-c70b47b30cfe.filesusr.com/ugd/253a43_eb1192f4dfa74af1ab915d00f12f9e57.pdf?index=true,,SL8.0 (AC),,Laufband,de,,reebokfitness.info,,Manual,https://www.reebokfitness.info/treadmill-manuals?lang=de
Reebok,,https://025d5db0-808a-42a8-806e-c70b47b30cfe.filesusr.com/ugd/253a43_07a7e554f49c4e4ca87e6ad671f286ea.pdf?index=true,,SL8.0 (DC),,Laufband,de,,reebokfitness.info,,Manual,https://www.reebokfitness.info/treadmill-manuals?lang=de
Reebok,,https://025d5db0-808a-42a8-806e-c70b47b30cfe.filesusr.com/ugd/253a43_3a2a87cfdcd247999c73e94170973cf8.pdf?index=true,,ZJET 430,,Laufband,de,,reebokfitness.info,,Manual,https://www.reebokfitness.info/treadmill-manuals?lang=de
Reebok,,https://025d5db0-808a-42a8-806e-c70b47b30cfe.filesusr.com/ugd/253a43_1e809194d225468f8a914d4ed8c9516a.pdf?index=true,,ZJET 430 (Bluetooth),,Laufband,de,,reebokfitness.info,,Manual,https://www.reebokfitness.info/treadmill-manuals?lang=de
Reebok,,https://025d5db0-808a-42a8-806e-c70b47b30cfe.filesusr.com/ugd/253a43_bbce5b2082504dc5a7d754d2c86ae992.pdf?index=true,,ZJET 460,,Laufband,de,,reebokfitness.info,,Manual,https://www.reebokfitness.info/treadmill-manuals?lang=de
Reebok,,https://025d5db0-808a-42a8-806e-c70b47b30cfe.filesusr.com/ugd/253a43_bbce5b2082504dc5a7d754d2c86ae992.pdf?index=true,,ZJET 460 (Bluetooth),,Laufband,de,,reebokfitness.info,,Manual,https://www.reebokfitness.info/treadmill-manuals?lang=de
Reebok,,https://025d5db0-808a-42a8-806e-c70b47b30cfe.filesusr.com/ugd/253a43_252589d09317429e8227a88691674e9b.pdf?index=true,,A4.0,,Bike,de,,reebokfitness.info,,Manual,https://www.reebokfitness.info/bike-manuals?lang=de
Reebok,,https://025d5db0-808a-42a8-806e-c70b47b30cfe.filesusr.com/ugd/253a43_f767385ac5a444ee8ef0a3680b720b0b.pdf?index=true,,A6.0,,Bike,de,,reebokfitness.info,,Manual,https://www.reebokfitness.info/bike-manuals?lang=de
Reebok,,https://025d5db0-808a-42a8-806e-c70b47b30cfe.filesusr.com/ugd/253a43_42cf1552ea864694b12186552882a955.pdf?index=true,,A6.0 (Bluetooth),,Bike,de,,reebokfitness.info,,Manual,https://www.reebokfitness.info/bike-manuals?lang=de
Reebok,,https://025d5db0-808a-42a8-806e-c70b47b30cfe.filesusr.com/ugd/253a43_6176d665118245c0a7e2406023e4e449.pdf?index=true,,AR Sprint,,Bike,de,,reebokfitness.info,,Manual,https://www.reebokfitness.info/bike-manuals?lang=de
Reebok,,https://025d5db0-808a-42a8-806e-c70b47b30cfe.filesusr.com/ugd/253a43_6844723512064580ae167e54b1798d43.pdf?index=true,,GB40,,Bike,de,,reebokfitness.info,,Manual,https://www.reebokfitness.info/bike-manuals?lang=de
Reebok,,https://025d5db0-808a-42a8-806e-c70b47b30cfe.filesusr.com/ugd/253a43_53ecd56b329b4ab4b324e7faca497d76.pdf?index=true,,GB40s,,Bike,de,,reebokfitness.info,,Manual,https://www.reebokfitness.info/bike-manuals?lang=de
Reebok,,https://025d5db0-808a-42a8-806e-c70b47b30cfe.filesusr.com/ugd/253a43_5cdf3db6b77b46d18ddf14bf80bdc9bd.pdf?index=true,,GB50,,Bike,de,,reebokfitness.info,,Manual,https://www.reebokfitness.info/bike-manuals?lang=de
Reebok,,https://025d5db0-808a-42a8-806e-c70b47b30cfe.filesusr.com/ugd/253a43_defe2adda406481892d0cbe6c9cb3c9a.pdf?index=true,,GB60,,Bike,de,,reebokfitness.info,,Manual,https://www.reebokfitness.info/bike-manuals?lang=de
Reebok,,https://025d5db0-808a-42a8-806e-c70b47b30cfe.filesusr.com/ugd/253a43_b40c7495e201410e97ee9aca7af1f196.pdf?index=true,,GSB,,Bike,de,,reebokfitness.info,,Manual,https://www.reebokfitness.info/bike-manuals?lang=de
Reebok,,https://025d5db0-808a-42a8-806e-c70b47b30cfe.filesusr.com/ugd/253a43_412f313c03004046acdaafe246b802c1.pdf?index=true,,Jet 100 (Schwarz),,Bike,de,,reebokfitness.info,,Manual,https://www.reebokfitness.info/bike-manuals?lang=de
Reebok,,https://025d5db0-808a-42a8-806e-c70b47b30cfe.filesusr.com/ugd/253a43_618052b78acd416bb878c729b3207781.pdf?index=true,,Jet 100 (Weiß),,Bike,de,,reebokfitness.info,,Manual,https://www.reebokfitness.info/bike-manuals?lang=de
Reebok,,https://025d5db0-808a-42a8-806e-c70b47b30cfe.filesusr.com/ugd/253a43_24a51aa2dedf4f03a48ba0842a3542a3.pdf?index=true,,SL8.0,,Bike,de,,reebokfitness.info,,Manual,https://www.reebokfitness.info/bike-manuals?lang=de
Reebok,,https://025d5db0-808a-42a8-806e-c70b47b30cfe.filesusr.com/ugd/253a43_3bdfc1e00a4b4f17b6d3a128d16e9ff7.pdf?index=true,,ZJET 430,,Bike,de,,reebokfitness.info,,Manual,https://www.reebokfitness.info/bike-manuals?lang=de
Reebok,,https://025d5db0-808a-42a8-806e-c70b47b30cfe.filesusr.com/ugd/253a43_13295be07bff4acc97f0da1b0a6725c9.pdf?index=true,,ZJET 460,,Bike,de,,reebokfitness.info,,Manual,https://www.reebokfitness.info/bike-manuals?lang=de
Reebok,,https://025d5db0-808a-42a8-806e-c70b47b30cfe.filesusr.com/ugd/253a43_13295be07bff4acc97f0da1b0a6725c9.pdf?index=true,,ZJET 460 (Bluetooth),,Bike,de,,reebokfitness.info,,Manual,https://www.reebokfitness.info/bike-manuals?lang=de
Reebok,,https://025d5db0-808a-42a8-806e-c70b47b30cfe.filesusr.com/ugd/253a43_1a53fbe508274b2590caf1983634d61f.pdf?index=true,,Ab Board,,Banco / rack,es,,reebokfitness.info,,Manual,https://www.reebokfitness.info/bench-manuals?lang=es
Reebok,,https://025d5db0-808a-42a8-806e-c70b47b30cfe.filesusr.com/ugd/253a43_060dd6e9bc3b44aebd42188e1e06d3ea.pdf?index=true,,Flat Bench,,Banco / rack,es,,reebokfitness.info,,Manual,https://www.reebokfitness.info/bench-manuals?lang=es
Reebok,,https://025d5db0-808a-42a8-806e-c70b47b30cfe.filesusr.com/ugd/253a43_ad9f77b6d83e4878a3dcd360feae543a.pdf?index=true,,Functional Cage,,Banco / rack,es,,reebokfitness.info,,Manual,https://www.reebokfitness.info/bench-manuals?lang=es
Reebok,,https://025d5db0-808a-42a8-806e-c70b47b30cfe.filesusr.com/ugd/253a43_523ececd481f435196ce7d5b69807848.pdf?index=true,,Functional Half Rack,,Banco / rack,es,,reebokfitness.info,,Manual,https://www.reebokfitness.info/bench-manuals?lang=es
Reebok,,https://025d5db0-808a-42a8-806e-c70b47b30cfe.filesusr.com/ugd/253a43_862838789611445fa105791271567ddf.pdf?index=true,,Functional Squat Stand,,Banco / rack,es,,reebokfitness.info,,Manual,https://www.reebokfitness.info/bench-manuals?lang=es
Reebok,,https://025d5db0-808a-42a8-806e-c70b47b30cfe.filesusr.com/ugd/253a43_77c77717c0b04ea9a51c3983a078953e.pdf?index=true,,Pro Flat Bench,,Banco / rack,es,,reebokfitness.info,,Manual,https://www.reebokfitness.info/bench-manuals?lang=es
Reebok,,https://025d5db0-808a-42a8-806e-c70b47b30cfe.filesusr.com/ugd/253a43_a1befbe4fe614f2f9d1bfb9b7a9d4364.pdf?index=true,,Pro Utility Bench,,Banco / rack,es,,reebokfitness.info,,Manual,https://www.reebokfitness.info/bench-manuals?lang=es
Reebok,,https://025d5db0-808a-42a8-806e-c70b47b30cfe.filesusr.com/ugd/253a43_e2d5df225de84e85a4ddab30ed304539.pdf?index=true,,Utility Bench,,Banco / rack,es,,reebokfitness.info,,Manual,https://www.reebokfitness.info/bench-manuals?lang=es
Reebok,,https://025d5db0-808a-42a8-806e-c70b47b30cfe.filesusr.com/ugd/253a43_6d7e2b7810974693a1114ecfc9d00642.pdf?index=true,,AR,,Rudergerät,de,,reebokfitness.info,,Manual,https://www.reebokfitness.info/rower-manuals?lang=de
Reebok,,https://025d5db0-808a-42a8-806e-c70b47b30cfe.filesusr.com/ugd/253a43_4221ecb3ddfd42c1973f68d18dadbdc6.pdf?index=true,,GR,,Rudergerät,de,,reebokfitness.info,,Manual,https://www.reebokfitness.info/rower-manuals?lang=de
Reebok,,https://025d5db0-808a-42a8-806e-c70b47b30cfe.filesusr.com/ugd/253a43_61b2988a933b43a7a4c28a14125d17e8.pdf?index=true,,ZJET,,Rudergerät,de,,reebokfitness.info,,Manual,https://www.reebokfitness.info/rower-manuals?lang=de
Reebok,,https://025d5db0-808a-42a8-806e-c70b47b30cfe.filesusr.com/ugd/253a43_6d7e2b7810974693a1114ecfc9d00642.pdf?index=true,,AR,,Remo,es,,reebokfitness.info,,Manual,https://www.reebokfitness.info/rower-manuals?lang=es
Reebok,,https://025d5db0-808a-42a8-806e-c70b47b30cfe.filesusr.com/ugd/253a43_4221ecb3ddfd42c1973f68d18dadbdc6.pdf?index=true,,GR,,Remo,es,,reebokfitness.info,,Manual,https://www.reebokfitness.info/rower-manuals?lang=es
Reebok,,https://025d5db0-808a-42a8-806e-c70b47b30cfe.filesusr.com/ugd/253a43_61b2988a933b43a7a4c28a14125d17e8.pdf?index=true,,ZJET,,Remo,es,,reebokfitness.info,,Manual,https://www.reebokfitness.info/rower-manuals?lang=es
Reebok,,https://025d5db0-808a-42a8-806e-c70b47b30cfe.filesusr.com/ugd/253a43_a49724040858468585f189b5995035fd.pdf?index=true,,A2.0,,Cinta de correr,es,,reebokfitness.info,,Manual,https://www.reebokfitness.info/treadmill-manuals?lang=es
Reebok,,https://025d5db0-808a-42a8-806e-c70b47b30cfe.filesusr.com/ugd/253a43_7b8fcc3fe9844b6bbd5cbdde105cb72d.pdf?index=true,,GT40,,Cinta de correr,es,,reebokfitness.info,,Manual,https://www.reebokfitness.info/treadmill-manuals?lang=es
Reebok,,https://025d5db0-808a-42a8-806e-c70b47b30cfe.filesusr.com/ugd/253a43_18c1c95489cf484281c1c03bc182fafe.pdf?index=true,,A4.0,,Cinta de correr,es,,reebokfitness.info,,Manual,https://www.reebokfitness.info/treadmill-manuals?lang=es
Reebok,,https://025d5db0-808a-42a8-806e-c70b47b30cfe.filesusr.com/ugd/253a43_c1aa49b6162f4e918c42dc5564784656.pdf?index=true,,A6.0,,Cinta de correr,es,,reebokfitness.info,,Manual,https://www.reebokfitness.info/treadmill-manuals?lang=es
Reebok,,https://025d5db0-808a-42a8-806e-c70b47b30cfe.filesusr.com/ugd/253a43_c1aa49b6162f4e918c42dc5564784656.pdf?index=true,,A6.0 (Bluetooth),,Cinta de correr,es,,reebokfitness.info,,Manual,https://www.reebokfitness.info/treadmill-manuals?lang=es
Reebok,,https://025d5db0-808a-42a8-806e-c70b47b30cfe.filesusr.com/ugd/253a43_5a5bb59f2e1742a39d14ad6a7af5f8f0.pdf?index=true,,FR20 Treadmill,,Cinta de correr,es,,reebokfitness.info,,Manual,https://www.reebokfitness.info/treadmill-manuals?lang=es
Reebok,,https://025d5db0-808a-42a8-806e-c70b47b30cfe.filesusr.com/ugd/253a43_ef358e61c32746c0b85d16a2082097f6.pdf?index=true,,FR30 Treadmill,,Cinta de correr,es,,reebokfitness.info,,Manual,https://www.reebokfitness.info/treadmill-manuals?lang=es
Reebok,,https://025d5db0-808a-42a8-806e-c70b47b30cfe.filesusr.com/ugd/253a43_0f31f1ffd1254eecaeaede659319d0b8.pdf?index=true,,GT40s,,Cinta de correr,es,,reebokfitness.info,,Manual,https://www.reebokfitness.info/treadmill-manuals?lang=es
Reebok,,https://025d5db0-808a-42a8-806e-c70b47b30cfe.filesusr.com/ugd/253a43_7b8fcc3fe9844b6bbd5cbdde105cb72d.pdf?index=true,,GT40 (Bluetooth),,Cinta de correr,es,,reebokfitness.info,,Manual,https://www.reebokfitness.info/treadmill-manuals?lang=es
Reebok,,https://025d5db0-808a-42a8-806e-c70b47b30cfe.filesusr.com/ugd/253a43_cc54421e840c45198c53889765266a47.pdf?index=true,,GT50,,Cinta de correr,es,,reebokfitness.info,,Manual,https://www.reebokfitness.info/treadmill-manuals?lang=es
Reebok,,https://025d5db0-808a-42a8-806e-c70b47b30cfe.filesusr.com/ugd/253a43_cc54421e840c45198c53889765266a47.pdf?index=true,,GT50 (Bluetooth),,Cinta de correr,es,,reebokfitness.info,,Manual,https://www.reebokfitness.info/treadmill-manuals?lang=es
Reebok,,https://025d5db0-808a-42a8-806e-c70b47b30cfe.filesusr.com/ugd/253a43_d59a4d311dbe4f4c9136535744e18cf6.pdf?index=true,,GT60,,Cinta de correr,es,,reebokfitness.info,,Manual,https://www.reebokfitness.info/treadmill-manuals?lang=es
Reebok,,https://025d5db0-808a-42a8-806e-c70b47b30cfe.filesusr.com/ugd/253a43_d59a4d311dbe4f4c9136535744e18cf6.pdf?index=true,,GT60 (Bluetooth),,Cinta de correr,es,,reebokfitness.info,,Manual,https://www.reebokfitness.info/treadmill-manuals?lang=es
Reebok,,https://025d5db0-808a-42a8-806e-c70b47b30cfe.filesusr.com/ugd/253a43_ca7f63207cab4219b54cf9cf29c1dccf.pdf?index=true,,i-Run 3,,Cinta de correr,es,,reebokfitness.info,,Manual,https://www.reebokfitness.info/treadmill-manuals?lang=es
Reebok,,https://025d5db0-808a-42a8-806e-c70b47b30cfe.filesusr.com/ugd/253a43_e523017e09bd4eb3a493ec5ba5bd3eba.pdf?index=true,,i-Run 4.0,,Cinta de correr,es,,reebokfitness.info,,Manual,https://www.reebokfitness.info/treadmill-manuals?lang=es
Reebok,,https://025d5db0-808a-42a8-806e-c70b47b30cfe.filesusr.com/ugd/253a43_078b3a2f049744fd9380d3dcf776df2c.pdf?index=true,,Jet 100,,Cinta de correr,es,,reebokfitness.info,,Manual,https://www.reebokfitness.info/treadmill-manuals?lang=es
Reebok,,https://025d5db0-808a-42a8-806e-c70b47b30cfe.filesusr.com/ugd/253a43_26130c807777463d896a2263d9f8f23a.pdf?index=true,,Jet 100+,,Cinta de correr,es,,reebokfitness.info,,Manual,https://www.reebokfitness.info/treadmill-manuals?lang=es
Reebok,,https://025d5db0-808a-42a8-806e-c70b47b30cfe.filesusr.com/ugd/253a43_b2ab5f7df868494989117eb9c5ffc0ec.pdf?index=true,,Jet 100+ (Bluetooth),,Cinta de correr,es,,reebokfitness.info,,Manual,https://www.reebokfitness.info/treadmill-manuals?lang=es
Reebok,,https://025d5db0-808a-42a8-806e-c70b47b30cfe.filesusr.com/ugd/253a43_a6b9425991b544a5a994e4a20d0678c2.pdf?index=true,,Jet 200,,Cinta de correr,es,,reebokfitness.info,,Manual,https://www.reebokfitness.info/treadmill-manuals?lang=es
Reebok,,https://025d5db0-808a-42a8-806e-c70b47b30cfe.filesusr.com/ugd/253a43_6bac29debee945a7a7c4851893f2a74b.pdf?index=true,,Jet 200+,,Cinta de correr,es,,reebokfitness.info,,Manual,https://www.reebokfitness.info/treadmill-manuals?lang=es
Reebok,,https://025d5db0-808a-42a8-806e-c70b47b30cfe.filesusr.com/ugd/253a43_7076667daac346bd9310984a2bf68438.pdf?index=true,,Jet 200+ (Bluetooth),,Cinta de correr,es,,reebokfitness.info,,Manual,https://www.reebokfitness.info/treadmill-manuals?lang=es
Reebok,,https://025d5db0-808a-42a8-806e-c70b47b30cfe.filesusr.com/ugd/253a43_45c1f25bddc343dca48b0054e30d7deb.pdf?index=true,,Jet 300+,,Cinta de correr,es,,reebokfitness.info,,Manual,https://www.reebokfitness.info/treadmill-manuals?lang=es
Reebok,,https://025d5db0-808a-42a8-806e-c70b47b30cfe.filesusr.com/ugd/253a43_62b58d9a35e94703b5f45d4219074f76.pdf?index=true,,Jet 300+ (Bluetooth),,Cinta de correr,es,,reebokfitness.info,,Manual,https://www.reebokfitness.info/treadmill-manuals?lang=es
Reebok,,https://025d5db0-808a-42a8-806e-c70b47b30cfe.filesusr.com/ugd/253a43_eb1192f4dfa74af1ab915d00f12f9e57.pdf?index=true,,SL8.0 (AC),,Cinta de correr,es,,reebokfitness.info,,Manual,https://www.reebokfitness.info/treadmill-manuals?lang=es
Reebok,,https://025d5db0-808a-42a8-806e-c70b47b30cfe.filesusr.com/ugd/253a43_07a7e554f49c4e4ca87e6ad671f286ea.pdf?index=true,,SL8.0 (DC),,Cinta de correr,es,,reebokfitness.info,,Manual,https://www.reebokfitness.info/treadmill-manuals?lang=es
Reebok,,https://025d5db0-808a-42a8-806e-c70b47b30cfe.filesusr.com/ugd/253a43_3a2a87cfdcd247999c73e94170973cf8.pdf?index=true,,ZJET 430,,Cinta de correr,es,,reebokfitness.info,,Manual,https://www.reebokfitness.info/treadmill-manuals?lang=es
Reebok,,https://025d5db0-808a-42a8-806e-c70b47b30cfe.filesusr.com/ugd/253a43_1e809194d225468f8a914d4ed8c9516a.pdf?index=true,,ZJET 430 (Bluetooth),,Cinta de correr,es,,reebokfitness.info,,Manual,https://www.reebokfitness.info/treadmill-manuals?lang=es
Reebok,,https://025d5db0-808a-42a8-806e-c70b47b30cfe.filesusr.com/ugd/253a43_bbce5b2082504dc5a7d754d2c86ae992.pdf?index=true,,ZJET 460,,Cinta de correr,es,,reebokfitness.info,,Manual,https://www.reebokfitness.info/treadmill-manuals?lang=es
Reebok,,https://025d5db0-808a-42a8-806e-c70b47b30cfe.filesusr.com/ugd/253a43_bbce5b2082504dc5a7d754d2c86ae992.pdf?index=true,,ZJET 460 (Bluetooth),,Cinta de correr,es,,reebokfitness.info,,Manual,https://www.reebokfitness.info/treadmill-manuals?lang=es
Reebok,,https://025d5db0-808a-42a8-806e-c70b47b30cfe.filesusr.com/ugd/253a43_c93e03ad0ca641ff85c951e6baa51aa0.pdf?index=true,,Reebok,,Step / Deck,fr,,reebokfitness.info,,Manual,https://www.reebokfitness.info/step-deck-manuals?lang=fr
Reebok,,https://025d5db0-808a-42a8-806e-c70b47b30cfe.filesusr.com/ugd/253a43_f62d214195114bd1a431fff66dc358dc.pdf?index=true,,Reebok,,Step / Deck,fr,,reebokfitness.info,,Manual,https://www.reebokfitness.info/step-deck-manuals?lang=fr
Reebok,,https://025d5db0-808a-42a8-806e-c70b47b30cfe.filesusr.com/ugd/253a43_90e279d13cb7487ab4d74163581f8f97.pdf,,Reebok,,Step / Deck,fr,,reebokfitness.info,,Manual,https://www.reebokfitness.info/step-deck-manuals?lang=fr
Reebok,,https://025d5db0-808a-42a8-806e-c70b47b30cfe.filesusr.com/ugd/253a43_7c3f0703ff66491fa8d29d8956fd3697.pdf,,Reebok,,Step / Deck,fr,,reebokfitness.info,,Manual,https://www.reebokfitness.info/step-deck-manuals?lang=fr
Reebok,,https://025d5db0-808a-42a8-806e-c70b47b30cfe.filesusr.com/ugd/253a43_c1ad385864af4acab6ae3e06964c6cff.pdf,,Reebok + Bluetooth,,Step / Deck,fr,,reebokfitness.info,,Manual,https://www.reebokfitness.info/step-deck-manuals?lang=fr
Reebok,,https://025d5db0-808a-42a8-806e-c70b47b30cfe.filesusr.com/ugd/253a43_785ffff081e747b4a012c28369085c16.pdf?index=true,,Reebok Mini,,Step / Deck,fr,,reebokfitness.info,,Manual,https://www.reebokfitness.info/step-deck-manuals?lang=fr
Reebok,,https://025d5db0-808a-42a8-806e-c70b47b30cfe.filesusr.com/ugd/253a43_6d7e2b7810974693a1114ecfc9d00642.pdf?index=true,,AR,,Rameur,fr,,reebokfitness.info,,Manual,https://www.reebokfitness.info/rower-manuals?lang=fr
Reebok,,https://025d5db0-808a-42a8-806e-c70b47b30cfe.filesusr.com/ugd/253a43_4221ecb3ddfd42c1973f68d18dadbdc6.pdf?index=true,,GR,,Rameur,fr,,reebokfitness.info,,Manual,https://www.reebokfitness.info/rower-manuals?lang=fr
Reebok,,https://025d5db0-808a-42a8-806e-c70b47b30cfe.filesusr.com/ugd/253a43_61b2988a933b43a7a4c28a14125d17e8.pdf?index=true,,ZJET,,Rameur,fr,,reebokfitness.info,,Manual,https://www.reebokfitness.info/rower-manuals?lang=fr
Reebok,,https://025d5db0-808a-42a8-806e-c70b47b30cfe.filesusr.com/ugd/253a43_1a53fbe508274b2590caf1983634d61f.pdf?index=true,,Ab Board,,Banc / Étagère,fr,,reebokfitness.info,,Manual,https://www.reebokfitness.info/bench-manuals?lang=fr
Reebok,,https://025d5db0-808a-42a8-806e-c70b47b30cfe.filesusr.com/ugd/253a43_060dd6e9bc3b44aebd42188e1e06d3ea.pdf?index=true,,plat,,Banc / Étagère,fr,,reebokfitness.info,,Manual,https://www.reebokfitness.info/bench-manuals?lang=fr
Reebok,,https://025d5db0-808a-42a8-806e-c70b47b30cfe.filesusr.com/ugd/253a43_ad9f77b6d83e4878a3dcd360feae543a.pdf?index=true,,Cage fonctionnel,,Banc / Étagère,fr,,reebokfitness.info,,Manual,https://www.reebokfitness.info/bench-manuals?lang=fr
Reebok,,https://025d5db0-808a-42a8-806e-c70b47b30cfe.filesusr.com/ugd/253a43_523ececd481f435196ce7d5b69807848.pdf?index=true,,Demi-rack fonctionnel,,Banc / Étagère,fr,,reebokfitness.info,,Manual,https://www.reebokfitness.info/bench-manuals?lang=fr
Reebok,,https://025d5db0-808a-42a8-806e-c70b47b30cfe.filesusr.com/ugd/253a43_862838789611445fa105791271567ddf.pdf?index=true,,Squat rack fonctionnel,,Banc / Étagère,fr,,reebokfitness.info,,Manual,https://www.reebokfitness.info/bench-manuals?lang=fr
Reebok,,https://025d5db0-808a-42a8-806e-c70b47b30cfe.filesusr.com/ugd/253a43_77c77717c0b04ea9a51c3983a078953e.pdf?index=true,,Pro banc plat,,Banc / Étagère,fr,,reebokfitness.info,,Manual,https://www.reebokfitness.info/bench-manuals?lang=fr
Reebok,,https://025d5db0-808a-42a8-806e-c70b47b30cfe.filesusr.com/ugd/253a43_a1befbe4fe614f2f9d1bfb9b7a9d4364.pdf?index=true,,Pro banc utilitaire,,Banc / Étagère,fr,,reebokfitness.info,,Manual,https://www.reebokfitness.info/bench-manuals?lang=fr
Reebok,,https://025d5db0-808a-42a8-806e-c70b47b30cfe.filesusr.com/ugd/253a43_e2d5df225de84e85a4ddab30ed304539.pdf?index=true,,utilitaire,,Banc / Étagère,fr,,reebokfitness.info,,Manual,https://www.reebokfitness.info/bench-manuals?lang=fr
Reebok,,https://025d5db0-808a-42a8-806e-c70b47b30cfe.filesusr.com/ugd/253a43_252589d09317429e8227a88691674e9b.pdf?index=true,,A4.0,,Bicicleta,es,,reebokfitness.info,,Manual,https://www.reebokfitness.info/bike-manuals?lang=es
Reebok,,https://025d5db0-808a-42a8-806e-c70b47b30cfe.filesusr.com/ugd/253a43_f767385ac5a444ee8ef0a3680b720b0b.pdf?index=true,,A6.0,,Bicicleta,es,,reebokfitness.info,,Manual,https://www.reebokfitness.info/bike-manuals?lang=es
Reebok,,https://025d5db0-808a-42a8-806e-c70b47b30cfe.filesusr.com/ugd/253a43_42cf1552ea864694b12186552882a955.pdf?index=true,,A6.0 (Bluetooth),,Bicicleta,es,,reebokfitness.info,,Manual,https://www.reebokfitness.info/bike-manuals?lang=es
Reebok,,https://025d5db0-808a-42a8-806e-c70b47b30cfe.filesusr.com/ugd/253a43_6176d665118245c0a7e2406023e4e449.pdf?index=true,,AR Sprint,,Bicicleta,es,,reebokfitness.info,,Manual,https://www.reebokfitness.info/bike-manuals?lang=es
Reebok,,https://025d5db0-808a-42a8-806e-c70b47b30cfe.filesusr.com/ugd/253a43_6844723512064580ae167e54b1798d43.pdf?index=true,,GB40,,Bicicleta,es,,reebokfitness.info,,Manual,https://www.reebokfitness.info/bike-manuals?lang=es
Reebok,,https://025d5db0-808a-42a8-806e-c70b47b30cfe.filesusr.com/ugd/253a43_53ecd56b329b4ab4b324e7faca497d76.pdf?index=true,,GB40s,,Bicicleta,es,,reebokfitness.info,,Manual,https://www.reebokfitness.info/bike-manuals?lang=es
Reebok,,https://025d5db0-808a-42a8-806e-c70b47b30cfe.filesusr.com/ugd/253a43_5cdf3db6b77b46d18ddf14bf80bdc9bd.pdf?index=true,,GB50,,Bicicleta,es,,reebokfitness.info,,Manual,https://www.reebokfitness.info/bike-manuals?lang=es
Reebok,,https://025d5db0-808a-42a8-806e-c70b47b30cfe.filesusr.com/ugd/253a43_defe2adda406481892d0cbe6c9cb3c9a.pdf?index=true,,GB60,,Bicicleta,es,,reebokfitness.info,,Manual,https://www.reebokfitness.info/bike-manuals?lang=es
Reebok,,https://025d5db0-808a-42a8-806e-c70b47b30cfe.filesusr.com/ugd/253a43_b40c7495e201410e97ee9aca7af1f196.pdf?index=true,,GSB,,Bicicleta,es,,reebokfitness.info,,Manual,https://www.reebokfitness.info/bike-manuals?lang=es
Reebok,,https://025d5db0-808a-42a8-806e-c70b47b30cfe.filesusr.com/ugd/253a43_412f313c03004046acdaafe246b802c1.pdf?index=true,,Jet 100 (negro),,Bicicleta,es,,reebokfitness.info,,Manual,https://www.reebokfitness.info/bike-manuals?lang=es
Reebok,,https://025d5db0-808a-42a8-806e-c70b47b30cfe.filesusr.com/ugd/253a43_618052b78acd416bb878c729b3207781.pdf?index=true,,Jet 100 (blanco),,Bicicleta,es,,reebokfitness.info,,Manual,https://www.reebokfitness.info/bike-manuals?lang=es
Reebok,,https://025d5db0-808a-42a8-806e-c70b47b30cfe.filesusr.com/ugd/253a43_24a51aa2dedf4f03a48ba0842a3542a3.pdf?index=true,,SL8.0,,Bicicleta,es,,reebokfitness.info,,Manual,https://www.reebokfitness.info/bike-manuals?lang=es
Reebok,,https://025d5db0-808a-42a8-806e-c70b47b30cfe.filesusr.com/ugd/253a43_3bdfc1e00a4b4f17b6d3a128d16e9ff7.pdf?index=true,,ZJET 430,,Bicicleta,es,,reebokfitness.info,,Manual,https://www.reebokfitness.info/bike-manuals?lang=es
Reebok,,https://025d5db0-808a-42a8-806e-c70b47b30cfe.filesusr.com/ugd/253a43_13295be07bff4acc97f0da1b0a6725c9.pdf?index=true,,ZJET 460,,Bicicleta,es,,reebokfitness.info,,Manual,https://www.reebokfitness.info/bike-manuals?lang=es
Reebok,,https://025d5db0-808a-42a8-806e-c70b47b30cfe.filesusr.com/ugd/253a43_13295be07bff4acc97f0da1b0a6725c9.pdf?index=true,,ZJET 460 (Bluetooth),,Bicicleta,es,,reebokfitness.info,,Manual,https://www.reebokfitness.info/bike-manuals?lang=es
Reebok,,https://025d5db0-808a-42a8-806e-c70b47b30cfe.filesusr.com/ugd/253a43_a49724040858468585f189b5995035fd.pdf?index=true,,A2.0,,Tapis de course,fr,,reebokfitness.info,,Manual,https://www.reebokfitness.info/treadmill-manuals?lang=fr
Reebok,,https://025d5db0-808a-42a8-806e-c70b47b30cfe.filesusr.com/ugd/253a43_7b8fcc3fe9844b6bbd5cbdde105cb72d.pdf?index=true,,GT40,,Tapis de course,fr,,reebokfitness.info,,Manual,https://www.reebokfitness.info/treadmill-manuals?lang=fr
Reebok,,https://025d5db0-808a-42a8-806e-c70b47b30cfe.filesusr.com/ugd/253a43_18c1c95489cf484281c1c03bc182fafe.pdf?index=true,,A4.0,,Tapis de course,fr,,reebokfitness.info,,Manual,https://www.reebokfitness.info/treadmill-manuals?lang=fr
Reebok,,https://025d5db0-808a-42a8-806e-c70b47b30cfe.filesusr.com/ugd/253a43_c1aa49b6162f4e918c42dc5564784656.pdf?index=true,,A6.0,,Tapis de course,fr,,reebokfitness.info,,Manual,https://www.reebokfitness.info/treadmill-manuals?lang=fr
Reebok,,https://025d5db0-808a-42a8-806e-c70b47b30cfe.filesusr.com/ugd/253a43_c1aa49b6162f4e918c42dc5564784656.pdf?index=true,,A6.0 avec Bluetooth,,Tapis de course,fr,,reebokfitness.info,,Manual,https://www.reebokfitness.info/treadmill-manuals?lang=fr
Reebok,,https://025d5db0-808a-42a8-806e-c70b47b30cfe.filesusr.com/ugd/253a43_5a5bb59f2e1742a39d14ad6a7af5f8f0.pdf?index=true,,FR20 Treadmill,,Tapis de course,fr,,reebokfitness.info,,Manual,https://www.reebokfitness.info/treadmill-manuals?lang=fr
Reebok,,https://025d5db0-808a-42a8-806e-c70b47b30cfe.filesusr.com/ugd/253a43_ef358e61c32746c0b85d16a2082097f6.pdf?index=true,,FR30 Treadmill,,Tapis de course,fr,,reebokfitness.info,,Manual,https://www.reebokfitness.info/treadmill-manuals?lang=fr
Reebok,,https://025d5db0-808a-42a8-806e-c70b47b30cfe.filesusr.com/ugd/253a43_0f31f1ffd1254eecaeaede659319d0b8.pdf?index=true,,GT40s,,Tapis de course,fr,,reebokfitness.info,,Manual,https://www.reebokfitness.info/treadmill-manuals?lang=fr
Reebok,,https://025d5db0-808a-42a8-806e-c70b47b30cfe.filesusr.com/ugd/253a43_7b8fcc3fe9844b6bbd5cbdde105cb72d.pdf?index=true,,GT40 avec Bluetooth,,Tapis de course,fr,,reebokfitness.info,,Manual,https://www.reebokfitness.info/treadmill-manuals?lang=fr
Reebok,,https://025d5db0-808a-42a8-806e-c70b47b30cfe.filesusr.com/ugd/253a43_cc54421e840c45198c53889765266a47.pdf?index=true,,GT50,,Tapis de course,fr,,reebokfitness.info,,Manual,https://www.reebokfitness.info/treadmill-manuals?lang=fr
Reebok,,https://025d5db0-808a-42a8-806e-c70b47b30cfe.filesusr.com/ugd/253a43_cc54421e840c45198c53889765266a47.pdf?index=true,,GT50 avec Bluetooth,,Tapis de course,fr,,reebokfitness.info,,Manual,https://www.reebokfitness.info/treadmill-manuals?lang=fr
Reebok,,https://025d5db0-808a-42a8-806e-c70b47b30cfe.filesusr.com/ugd/253a43_d59a4d311dbe4f4c9136535744e18cf6.pdf?index=true,,GT60,,Tapis de course,fr,,reebokfitness.info,,Manual,https://www.reebokfitness.info/treadmill-manuals?lang=fr
Reebok,,https://025d5db0-808a-42a8-806e-c70b47b30cfe.filesusr.com/ugd/253a43_d59a4d311dbe4f4c9136535744e18cf6.pdf?index=true,,GT60 avec Bluetooth,,Tapis de course,fr,,reebokfitness.info,,Manual,https://www.reebokfitness.info/treadmill-manuals?lang=fr
Reebok,,https://025d5db0-808a-42a8-806e-c70b47b30cfe.filesusr.com/ugd/253a43_ca7f63207cab4219b54cf9cf29c1dccf.pdf?index=true,,i-Run 3,,Tapis de course,fr,,reebokfitness.info,,Manual,https://www.reebokfitness.info/treadmill-manuals?lang=fr
Reebok,,https://025d5db0-808a-42a8-806e-c70b47b30cfe.filesusr.com/ugd/253a43_e523017e09bd4eb3a493ec5ba5bd3eba.pdf?index=true,,i-Run 4.0,,Tapis de course,fr,,reebokfitness.info,,Manual,https://www.reebokfitness.info/treadmill-manuals?lang=fr
Reebok,,https://025d5db0-808a-42a8-806e-c70b47b30cfe.filesusr.com/ugd/253a43_078b3a2f049744fd9380d3dcf776df2c.pdf?index=true,,Jet 100,,Tapis de course,fr,,reebokfitness.info,,Manual,https://www.reebokfitness.info/treadmill-manuals?lang=fr
Reebok,,https://025d5db0-808a-42a8-806e-c70b47b30cfe.filesusr.com/ugd/253a43_26130c807777463d896a2263d9f8f23a.pdf?index=true,,Jet 100+,,Tapis de course,fr,,reebokfitness.info,,Manual,https://www.reebokfitness.info/treadmill-manuals?lang=fr
Reebok,,https://025d5db0-808a-42a8-806e-c70b47b30cfe.filesusr.com/ugd/253a43_b2ab5f7df868494989117eb9c5ffc0ec.pdf?index=true,,Jet 100+ avec Bluetooth,,Tapis de course,fr,,reebokfitness.info,,Manual,https://www.reebokfitness.info/treadmill-manuals?lang=fr
Reebok,,https://025d5db0-808a-42a8-806e-c70b47b30cfe.filesusr.com/ugd/253a43_a6b9425991b544a5a994e4a20d0678c2.pdf?index=true,,Jet 200,,Tapis de course,fr,,reebokfitness.info,,Manual,https://www.reebokfitness.info/treadmill-manuals?lang=fr
Reebok,,https://025d5db0-808a-42a8-806e-c70b47b30cfe.filesusr.com/ugd/253a43_6bac29debee945a7a7c4851893f2a74b.pdf?index=true,,Jet 200+,,Tapis de course,fr,,reebokfitness.info,,Manual,https://www.reebokfitness.info/treadmill-manuals?lang=fr
Reebok,,https://025d5db0-808a-42a8-806e-c70b47b30cfe.filesusr.com/ugd/253a43_7076667daac346bd9310984a2bf68438.pdf?index=true,,Jet 200+ avec Bluetooth,,Tapis de course,fr,,reebokfitness.info,,Manual,https://www.reebokfitness.info/treadmill-manuals?lang=fr
Reebok,,https://025d5db0-808a-42a8-806e-c70b47b30cfe.filesusr.com/ugd/253a43_45c1f25bddc343dca48b0054e30d7deb.pdf?index=true,,Jet 300+,,Tapis de course,fr,,reebokfitness.info,,Manual,https://www.reebokfitness.info/treadmill-manuals?lang=fr
Reebok,,https://025d5db0-808a-42a8-806e-c70b47b30cfe.filesusr.com/ugd/253a43_62b58d9a35e94703b5f45d4219074f76.pdf?index=true,,Jet 300+ avec Bluetooth,,Tapis de course,fr,,reebokfitness.info,,Manual,https://www.reebokfitness.info/treadmill-manuals?lang=fr
Reebok,,https://025d5db0-808a-42a8-806e-c70b47b30cfe.filesusr.com/ugd/253a43_eb1192f4dfa74af1ab915d00f12f9e57.pdf?index=true,,SL8.0 (AC),,Tapis de course,fr,,reebokfitness.info,,Manual,https://www.reebokfitness.info/treadmill-manuals?lang=fr
Reebok,,https://025d5db0-808a-42a8-806e-c70b47b30cfe.filesusr.com/ugd/253a43_07a7e554f49c4e4ca87e6ad671f286ea.pdf?index=true,,SL8.0 (DC),,Tapis de course,fr,,reebokfitness.info,,Manual,https://www.reebokfitness.info/treadmill-manuals?lang=fr
Reebok,,https://025d5db0-808a-42a8-806e-c70b47b30cfe.filesusr.com/ugd/253a43_3a2a87cfdcd247999c73e94170973cf8.pdf?index=true,,ZJET 430,,Tapis de course,fr,,reebokfitness.info,,Manual,https://www.reebokfitness.info/treadmill-manuals?lang=fr
Reebok,,https://025d5db0-808a-42a8-806e-c70b47b30cfe.filesusr.com/ugd/253a43_1e809194d225468f8a914d4ed8c9516a.pdf?index=true,,ZJET 430 avec Bluetooth,,Tapis de course,fr,,reebokfitness.info,,Manual,https://www.reebokfitness.info/treadmill-manuals?lang=fr
Reebok,,https://025d5db0-808a-42a8-806e-c70b47b30cfe.filesusr.com/ugd/253a43_bbce5b2082504dc5a7d754d2c86ae992.pdf?index=true,,ZJET 460,,Tapis de course,fr,,reebokfitness.info,,Manual,https://www.reebokfitness.info/treadmill-manuals?lang=fr
Reebok,,https://025d5db0-808a-42a8-806e-c70b47b30cfe.filesusr.com/ugd/253a43_bbce5b2082504dc5a7d754d2c86ae992.pdf?index=true,,ZJET 460 avec Bluetooth,,Tapis de course,fr,,reebokfitness.info,,Manual,https://www.reebokfitness.info/treadmill-manuals?lang=fr
Reebok,,https://025d5db0-808a-42a8-806e-c70b47b30cfe.filesusr.com/ugd/253a43_cdfea47d98a8451c907761e3114beadc.pdf?index=true,,A4.0,,Elíptica,es,,reebokfitness.info,,Manual,https://www.reebokfitness.info/cross-trainer-manuals?lang=es
Reebok,,https://025d5db0-808a-42a8-806e-c70b47b30cfe.filesusr.com/ugd/253a43_cde479ab909444039b08af1ad1b15433.pdf?index=true,,A6.0,,Elíptica,es,,reebokfitness.info,,Manual,https://www.reebokfitness.info/cross-trainer-manuals?lang=es
Reebok,,https://025d5db0-808a-42a8-806e-c70b47b30cfe.filesusr.com/ugd/253a43_084199a4800648b5b74cf1b7f4ab17f3.pdf?index=true,,A6.0 (Bluetooth),,Elíptica,es,,reebokfitness.info,,Manual,https://www.reebokfitness.info/cross-trainer-manuals?lang=es
Reebok,,https://025d5db0-808a-42a8-806e-c70b47b30cfe.filesusr.com/ugd/253a43_0f71a9cb9bae48b39356c8206aba1b4d.pdf?index=true,,A6.0FD,,Elíptica,es,,reebokfitness.info,,Manual,https://www.reebokfitness.info/cross-trainer-manuals?lang=es
Reebok,,https://025d5db0-808a-42a8-806e-c70b47b30cfe.filesusr.com/ugd/253a43_c93e03ad0ca641ff85c951e6baa51aa0.pdf?index=true,,Reebok,,Step / Deck,es,,reebokfitness.info,,Manual,https://www.reebokfitness.info/step-deck-manuals?lang=es
Reebok,,https://025d5db0-808a-42a8-806e-c70b47b30cfe.filesusr.com/ugd/253a43_6221d7653c3b4257800b307a8c7b4216.pdf?index=true,,A6.0FD (Bluetooth),,Elíptica,es,,reebokfitness.info,,Manual,https://www.reebokfitness.info/cross-trainer-manuals?lang=es
Reebok,,https://025d5db0-808a-42a8-806e-c70b47b30cfe.filesusr.com/ugd/253a43_229fea73d46f446fae8a954092d0302b.pdf?index=true,,GX40,,Elíptica,es,,reebokfitness.info,,Manual,https://www.reebokfitness.info/cross-trainer-manuals?lang=es
Reebok,,https://025d5db0-808a-42a8-806e-c70b47b30cfe.filesusr.com/ugd/253a43_0ea748aefc0a43228138b56de3ad731d.pdf?index=true,,GX40s,,Elíptica,es,,reebokfitness.info,,Manual,https://www.reebokfitness.info/cross-trainer-manuals?lang=es
Reebok,,https://025d5db0-808a-42a8-806e-c70b47b30cfe.filesusr.com/ugd/253a43_f62d214195114bd1a431fff66dc358dc.pdf?index=true,,Reebok,,Step / Deck,es,,reebokfitness.info,,Manual,https://www.reebokfitness.info/step-deck-manuals?lang=es
Reebok,,https://025d5db0-808a-42a8-806e-c70b47b30cfe.filesusr.com/ugd/253a43_90e279d13cb7487ab4d74163581f8f97.pdf,,Reebok,,Step / Deck,es,,reebokfitness.info,,Manual,https://www.reebokfitness.info/step-deck-manuals?lang=es
Reebok,,https://025d5db0-808a-42a8-806e-c70b47b30cfe.filesusr.com/ugd/253a43_ab1c974a385b4794a9b3075dd1ffb051.pdf?index=true,,GX50,,Elíptica,es,,reebokfitness.info,,Manual,https://www.reebokfitness.info/cross-trainer-manuals?lang=es
Reebok,,https://025d5db0-808a-42a8-806e-c70b47b30cfe.filesusr.com/ugd/253a43_4047ee38d299467e9203398106cba4f8.pdf?index=true,,GX60,,Elíptica,es,,reebokfitness.info,,Manual,https://www.reebokfitness.info/cross-trainer-manuals?lang=es
Reebok,,https://025d5db0-808a-42a8-806e-c70b47b30cfe.filesusr.com/ugd/253a43_7c3f0703ff66491fa8d29d8956fd3697.pdf,,Reebok,,Step / Deck,es,,reebokfitness.info,,Manual,https://www.reebokfitness.info/step-deck-manuals?lang=es
Reebok,,https://025d5db0-808a-42a8-806e-c70b47b30cfe.filesusr.com/ugd/253a43_c1ad385864af4acab6ae3e06964c6cff.pdf,,Reebok + Bluetooth,,Step / Deck,es,,reebokfitness.info,,Manual,https://www.reebokfitness.info/step-deck-manuals?lang=es
Reebok,,https://025d5db0-808a-42a8-806e-c70b47b30cfe.filesusr.com/ugd/253a43_e9df6c47e6c54c7a90c6ba26eb2f96e2.pdf?index=true,,Jet 100 (negro),,Elíptica,es,,reebokfitness.info,,Manual,https://www.reebokfitness.info/cross-trainer-manuals?lang=es
Reebok,,https://025d5db0-808a-42a8-806e-c70b47b30cfe.filesusr.com/ugd/253a43_56b3a209f72845a9bb4824ad4b3541ef.pdf,,Jet 100 (blanco),,Elíptica,es,,reebokfitness.info,,Manual,https://www.reebokfitness.info/cross-trainer-manuals?lang=es
Reebok,,https://025d5db0-808a-42a8-806e-c70b47b30cfe.filesusr.com/ugd/253a43_56308d7331154360a30cb30fb3b68183.pdf?index=true,,SL8.0,,Elíptica,es,,reebokfitness.info,,Manual,https://www.reebokfitness.info/cross-trainer-manuals?lang=es
Reebok,,https://025d5db0-808a-42a8-806e-c70b47b30cfe.filesusr.com/ugd/253a43_785ffff081e747b4a012c28369085c16.pdf?index=true,,Reebok Mini,,Step / Deck,es,,reebokfitness.info,,Manual,https://www.reebokfitness.info/step-deck-manuals?lang=es
Reebok,,https://025d5db0-808a-42a8-806e-c70b47b30cfe.filesusr.com/ugd/253a43_252589d09317429e8227a88691674e9b.pdf?index=true,,A4.0,,Vélo,fr,,reebokfitness.info,,Manual,https://www.reebokfitness.info/bike-manuals?lang=fr
Reebok,,https://025d5db0-808a-42a8-806e-c70b47b30cfe.filesusr.com/ugd/253a43_61dd82ebdc164f109cfc77703dbb9886.pdf?index=true,,ZJET 430,,Elíptica,es,,reebokfitness.info,,Manual,https://www.reebokfitness.info/cross-trainer-manuals?lang=es
Reebok,,https://025d5db0-808a-42a8-806e-c70b47b30cfe.filesusr.com/ugd/253a43_65bf5929a9344a7a8a78fee7731ec81b.pdf?index=true,,ZJET 460,,Elíptica,es,,reebokfitness.info,,Manual,https://www.reebokfitness.info/cross-trainer-manuals?lang=es
Reebok,,https://025d5db0-808a-42a8-806e-c70b47b30cfe.filesusr.com/ugd/253a43_65bf5929a9344a7a8a78fee7731ec81b.pdf?index=true,,ZJET 460 (Bluetooth),,Elíptica,es,,reebokfitness.info,,Manual,https://www.reebokfitness.info/cross-trainer-manuals?lang=es
Reebok,,https://025d5db0-808a-42a8-806e-c70b47b30cfe.filesusr.com/ugd/253a43_f767385ac5a444ee8ef0a3680b720b0b.pdf?index=true,,A6.0,,Vélo,fr,,reebokfitness.info,,Manual,https://www.reebokfitness.info/bike-manuals?lang=fr
Reebok,,https://025d5db0-808a-42a8-806e-c70b47b30cfe.filesusr.com/ugd/253a43_42cf1552ea864694b12186552882a955.pdf?index=true,,A6.0 avec Bluetooth,,Vélo,fr,,reebokfitness.info,,Manual,https://www.reebokfitness.info/bike-manuals?lang=fr
Reebok,,https://025d5db0-808a-42a8-806e-c70b47b30cfe.filesusr.com/ugd/253a43_6176d665118245c0a7e2406023e4e449.pdf?index=true,,AR Sprint,,Vélo,fr,,reebokfitness.info,,Manual,https://www.reebokfitness.info/bike-manuals?lang=fr
Reebok,,https://025d5db0-808a-42a8-806e-c70b47b30cfe.filesusr.com/ugd/253a43_6844723512064580ae167e54b1798d43.pdf?index=true,,GB40,,Vélo,fr,,reebokfitness.info,,Manual,https://www.reebokfitness.info/bike-manuals?lang=fr
Reebok,,https://025d5db0-808a-42a8-806e-c70b47b30cfe.filesusr.com/ugd/253a43_53ecd56b329b4ab4b324e7faca497d76.pdf?index=true,,GB40s,,Vélo,fr,,reebokfitness.info,,Manual,https://www.reebokfitness.info/bike-manuals?lang=fr
Reebok,,https://025d5db0-808a-42a8-806e-c70b47b30cfe.filesusr.com/ugd/253a43_5cdf3db6b77b46d18ddf14bf80bdc9bd.pdf?index=true,,GB50,,Vélo,fr,,reebokfitness.info,,Manual,https://www.reebokfitness.info/bike-manuals?lang=fr
Reebok,,https://025d5db0-808a-42a8-806e-c70b47b30cfe.filesusr.com/ugd/253a43_defe2adda406481892d0cbe6c9cb3c9a.pdf?index=true,,GB60,,Vélo,fr,,reebokfitness.info,,Manual,https://www.reebokfitness.info/bike-manuals?lang=fr
Reebok,,https://025d5db0-808a-42a8-806e-c70b47b30cfe.filesusr.com/ugd/253a43_b40c7495e201410e97ee9aca7af1f196.pdf?index=true,,GSB,,Vélo,fr,,reebokfitness.info,,Manual,https://www.reebokfitness.info/bike-manuals?lang=fr
Reebok,,https://025d5db0-808a-42a8-806e-c70b47b30cfe.filesusr.com/ugd/253a43_412f313c03004046acdaafe246b802c1.pdf?index=true,,Jet 100 (noir),,Vélo,fr,,reebokfitness.info,,Manual,https://www.reebokfitness.info/bike-manuals?lang=fr
Reebok,,https://025d5db0-808a-42a8-806e-c70b47b30cfe.filesusr.com/ugd/253a43_618052b78acd416bb878c729b3207781.pdf?index=true,,Jet 100 (blanc),,Vélo,fr,,reebokfitness.info,,Manual,https://www.reebokfitness.info/bike-manuals?lang=fr
Reebok,,https://025d5db0-808a-42a8-806e-c70b47b30cfe.filesusr.com/ugd/253a43_24a51aa2dedf4f03a48ba0842a3542a3.pdf?index=true,,SL8.0,,Vélo,fr,,reebokfitness.info,,Manual,https://www.reebokfitness.info/bike-manuals?lang=fr
Reebok,,https://025d5db0-808a-42a8-806e-c70b47b30cfe.filesusr.com/ugd/253a43_3bdfc1e00a4b4f17b6d3a128d16e9ff7.pdf?index=true,,ZJET 430,,Vélo,fr,,reebokfitness.info,,Manual,https://www.reebokfitness.info/bike-manuals?lang=fr
Reebok,,https://025d5db0-808a-42a8-806e-c70b47b30cfe.filesusr.com/ugd/253a43_13295be07bff4acc97f0da1b0a6725c9.pdf?index=true,,ZJET 460,,Vélo,fr,,reebokfitness.info,,Manual,https://www.reebokfitness.info/bike-manuals?lang=fr
Reebok,,https://025d5db0-808a-42a8-806e-c70b47b30cfe.filesusr.com/ugd/253a43_13295be07bff4acc97f0da1b0a6725c9.pdf?index=true,,ZJET 460 avec Bluetooth,,Vélo,fr,,reebokfitness.info,,Manual,https://www.reebokfitness.info/bike-manuals?lang=fr
Reebok,,https://025d5db0-808a-42a8-806e-c70b47b30cfe.filesusr.com/ugd/253a43_cdfea47d98a8451c907761e3114beadc.pdf?index=true,,A4.0 Elliptique,,Vélo elliptique,fr,,reebokfitness.info,,Manual,https://www.reebokfitness.info/cross-trainer-manuals?lang=fr
Reebok,,https://025d5db0-808a-42a8-806e-c70b47b30cfe.filesusr.com/ugd/253a43_cde479ab909444039b08af1ad1b15433.pdf?index=true,,A6.0 Elliptique,,Vélo elliptique,fr,,reebokfitness.info,,Manual,https://www.reebokfitness.info/cross-trainer-manuals?lang=fr
Reebok,,https://025d5db0-808a-42a8-806e-c70b47b30cfe.filesusr.com/ugd/253a43_084199a4800648b5b74cf1b7f4ab17f3.pdf?index=true,,A6.0 Elliptique avec Bluetooth,,Vélo elliptique,fr,,reebokfitness.info,,Manual,https://www.reebokfitness.info/cross-trainer-manuals?lang=fr
Reebok,,https://025d5db0-808a-42a8-806e-c70b47b30cfe.filesusr.com/ugd/253a43_0f71a9cb9bae48b39356c8206aba1b4d.pdf?index=true,,A6.0FD Elliptique,,Vélo elliptique,fr,,reebokfitness.info,,Manual,https://www.reebokfitness.info/cross-trainer-manuals?lang=fr
Reebok,,https://025d5db0-808a-42a8-806e-c70b47b30cfe.filesusr.com/ugd/253a43_6221d7653c3b4257800b307a8c7b4216.pdf?index=true,,A6.0FD Elliptique avec Bluetooth,,Vélo elliptique,fr,,reebokfitness.info,,Manual,https://www.reebokfitness.info/cross-trainer-manuals?lang=fr
Reebok,,https://025d5db0-808a-42a8-806e-c70b47b30cfe.filesusr.com/ugd/253a43_229fea73d46f446fae8a954092d0302b.pdf?index=true,,GX40 Elliptique,,Vélo elliptique,fr,,reebokfitness.info,,Manual,https://www.reebokfitness.info/cross-trainer-manuals?lang=fr
Reebok,,https://025d5db0-808a-42a8-806e-c70b47b30cfe.filesusr.com/ugd/253a43_0ea748aefc0a43228138b56de3ad731d.pdf?index=true,,GX40s Elliptique,,Vélo elliptique,fr,,reebokfitness.info,,Manual,https://www.reebokfitness.info/cross-trainer-manuals?lang=fr
Reebok,,https://025d5db0-808a-42a8-806e-c70b47b30cfe.filesusr.com/ugd/253a43_ab1c974a385b4794a9b3075dd1ffb051.pdf?index=true,,GX50 Elliptique,,Vélo elliptique,fr,,reebokfitness.info,,Manual,https://www.reebokfitness.info/cross-trainer-manuals?lang=fr
Reebok,,https://025d5db0-808a-42a8-806e-c70b47b30cfe.filesusr.com/ugd/253a43_4047ee38d299467e9203398106cba4f8.pdf?index=true,,GX60 Elliptique,,Vélo elliptique,fr,,reebokfitness.info,,Manual,https://www.reebokfitness.info/cross-trainer-manuals?lang=fr
Reebok,,https://025d5db0-808a-42a8-806e-c70b47b30cfe.filesusr.com/ugd/253a43_e9df6c47e6c54c7a90c6ba26eb2f96e2.pdf?index=true,,Jet 100 Elliptique (noir),,Vélo elliptique,fr,,reebokfitness.info,,Manual,https://www.reebokfitness.info/cross-trainer-manuals?lang=fr
Reebok,,https://025d5db0-808a-42a8-806e-c70b47b30cfe.filesusr.com/ugd/253a43_56b3a209f72845a9bb4824ad4b3541ef.pdf,,Jet 100 Elliptique (blanc),,Vélo elliptique,fr,,reebokfitness.info,,Manual,https://www.reebokfitness.info/cross-trainer-manuals?lang=fr
Reebok,,https://025d5db0-808a-42a8-806e-c70b47b30cfe.filesusr.com/ugd/253a43_56308d7331154360a30cb30fb3b68183.pdf?index=true,,SL8.0 Elliptique,,Vélo elliptique,fr,,reebokfitness.info,,Manual,https://www.reebokfitness.info/cross-trainer-manuals?lang=fr
Reebok,,https://025d5db0-808a-42a8-806e-c70b47b30cfe.filesusr.com/ugd/253a43_61dd82ebdc164f109cfc77703dbb9886.pdf?index=true,,ZJET 430 Elliptique,,Vélo elliptique,fr,,reebokfitness.info,,Manual,https://www.reebokfitness.info/cross-trainer-manuals?lang=fr
Reebok,,https://025d5db0-808a-42a8-806e-c70b47b30cfe.filesusr.com/ugd/253a43_65bf5929a9344a7a8a78fee7731ec81b.pdf?index=true,,ZJET 460 Elliptique,,Vélo elliptique,fr,,reebokfitness.info,,Manual,https://www.reebokfitness.info/cross-trainer-manuals?lang=fr
Reebok,,https://025d5db0-808a-42a8-806e-c70b47b30cfe.filesusr.com/ugd/253a43_65bf5929a9344a7a8a78fee7731ec81b.pdf?index=true,,ZJET 460 Elliptique avec Bluetooth,,Vélo elliptique,fr,,reebokfitness.info,,Manual,https://www.reebokfitness.info/cross-trainer-manuals?lang=fr
